epoch,train_loss,val_loss
1,1.2187723875045777,1.3377580642700195
